id;name;email
1;invoice Auto Loan Account Senior;Willard73@yahoo.com
2;Table extend;Aniyah_OKon@yahoo.com
3;context-sensitive Legacy Avon;Jerald_Howe@gmail.com
4;connecting Switchable;Mavis.Carroll65@yahoo.com
5;implement;Kiara59@hotmail.com
6;solid state Supervisor indexing;Katherine.Christiansen18@yahoo.com
7;Savings Account;Dennis_Romaguera@gmail.com
8;vertical Nevada;Tad.Grady@gmail.com
9;optical Tasty Rubber Bacon;Reuben_Eichmann@yahoo.com
10;logistical maximized Checking Account;Haylie_Kunde@hotmail.com
